,SeriousDlqin2yrs,RevolvingUtilizationOfUnsecuredLines,age,NumberOfTime30-59DaysPastDueNotWorse,DebtRatio,MonthlyIncome,NumberOfOpenCreditLinesAndLoans,NumberOfTimes90DaysLate,NumberRealEstateLoansOrLines,NumberOfTime60-89DaysPastDueNotWorse,NumberOfDependents
count,145563.0,145563.0,145563.0,145563.0,145563.0,145563.0,145563.0,145563.0,145563.0,145563.0,145563.0
mean,0.06753776715236702,5.941378041972899,52.11070120841148,0.3891854386073384,334.5482512577551,6116.309508597652,8.553787707040938,0.23130878039062125,1.0333463861008636,0.20562230786669689,0.7598634268323681
std,0.2509518874280336,250.51083543988153,14.567652047459132,3.7569437649192357,1947.2282088476954,13182.214605658563,5.1411318117530955,3.7288028971466356,1.1331145892323278,3.7124551343923726,1.1161414518154038
min,0.0,0.0,0.0,0.0,0.0,0.0,0.0,0.0,0.0,0.0,0.0
25%,0.0,0.031217558,41.0,0.0,0.1739336595,2554.0,5.0,0.0,0.0,0.0,0.0
50%,0.0,0.158817102,52.0,0.0,0.35909014899999997,5000.0,8.0,0.0,1.0,0.0,0.0
75%,0.0,0.561085324,62.0,0.0,0.7706411120000001,8166.0,11.0,0.0,2.0,0.0,1.0
max,1.0,50708.0,107.0,98.0,329664.0,3008750.0,58.0,98.0,54.0,98.0,20.0
